title,first,last,email
Mr,Diego,Serrano,diego.serrano@example.com
Ms,Ayla,Brown,ayla.brown@example.com
Miss,Anujna,Mugeraya,anujna.mugeraya@example.com
Ms,Alolika,Holla,alolika.holla@example.com
Mr,Cody,Holt,cody.holt@example.com
Mr,Anton,Madsen,anton.madsen@example.com
Mr,Naveen,Rao,naveen.rao@example.com
Mrs,Annabelle,Li,annabelle.li@example.com
Miss,Mercedes,Jiménez,mercedes.jimenez@example.com
Mr,Marion,Lewis,marion.lewis@example.com
Monsieur,Hassan,Riviere,hassan.riviere@example.com
Ms,Alexandra,Garcia,alexandra.garcia@example.com
Mrs,Eléna,Francois,elena.francois@example.com
Ms,Ariane,Fortin,ariane.fortin@example.com
Mr,Faust,Savko,faust.savko@example.com
Mr,Marco Antonio,Cepeda,marcoantonio.cepeda@example.com
Ms,Isobel,Clark,isobel.clark@example.com
Ms,Gusti,Borowski,gusti.borowski@example.com
Mr,Oliver,Jensen,oliver.jensen@example.com
Mr,Cristóforo,Santos,cristoforo.santos@example.com
Mr,Nihal,Özdoğan,nihal.ozdogan@example.com
Miss,Elenore,Klaiber,elenore.klaiber@example.com
Miss,Madison,Wood,madison.wood@example.com
Mr,Borja,Moreno,borja.moreno@example.com
Mademoiselle,Irène,Simon,irene.simon@example.com
Ms,Debra,Cox,debra.cox@example.com
Mr,Aurélien,Perez,aurelien.perez@example.com
Monsieur,Severin,Lefebvre,severin.lefebvre@example.com
Mr,Ethan,Wood,ethan.wood@example.com
Mr,Upkaar,Shayana,upkaar.shayana@example.com
Miss,Coline,Lefebvre,coline.lefebvre@example.com
Mr,Nihal,Çörekçi,nihal.corekci@example.com
Miss,Sara,Kauppi,sara.kauppi@example.com
Mr,Väinö,Kumpula,vaino.kumpula@example.com
Mr,Gustav,Christiansen,gustav.christiansen@example.com
Mr,José Luis,Robledo,joseluis.robledo@example.com
Miss,Svetlana,Teodosić,svetlana.teodosic@example.com
Mr,Joshua,Meyer,joshua.meyer@example.com
Ms,Mia,Leirvik,mia.leirvik@example.com
Mr,Modesto,Villagómez,modesto.villagomez@example.com
Mademoiselle,Ilona,Laurent,ilona.laurent@example.com
Ms,Venera,Oprishko,venera.oprishko@example.com
Ms,Barb,Pena,barb.pena@example.com
Mr,Elbert,Van der Steenhoven,elbert.vandersteenhoven@example.com
Miss,Linnea,Mattila,linnea.mattila@example.com
Mr,Sid,Van Hamburg,sid.vanhamburg@example.com
Mr,Joel,Hanninen,joel.hanninen@example.com
Mrs,Alberte,Larsen,alberte.larsen@example.com
Mr,Finn,White,finn.white@example.com
Mrs,Laura,Carter,laura.carter@example.com
Mr,Vedat,Kılıççı,vedat.kilicci@example.com
Mrs,Yustina,Prudkiy,yustina.prudkiy@example.com
Miss,Olaídes,da Cunha,olaides.dacunha@example.com
Mr,Malthe,Thomsen,malthe.thomsen@example.com
Mr,Israel,Delgado,israel.delgado@example.com
Mrs,Cäcilie,Wulff,cacilie.wulff@example.com
Ms,Christine,Gardner,christine.gardner@example.com
Miss,Elvira,Concepción,elvira.concepcion@example.com
Mrs,Chloe,French,chloe.french@example.com
Ms,Gertrude,Torres,gertrude.torres@example.com
Mr,Pedro,Mascareñas,pedro.mascarenas@example.com
Miss,Caitlin,Miller,caitlin.miller@example.com
Mrs,Sophia,Martin,sophia.martin@example.com
Mr,Luis,Morales,luis.morales@example.com
Ms,Enola,Moulin,enola.moulin@example.com
Mr,Roberto,León,roberto.leon@example.com
Ms,Clara,Andersen,clara.andersen@example.com
Ms,Olivia,Roy,olivia.roy@example.com
Mr,Gael,Samaniego,gael.samaniego@example.com
Mr,Aristóteles,da Costa,aristoteles.dacosta@example.com
Miss,Alma,Peterson,alma.peterson@example.com
Mr,Svitomir,Chubenko,svitomir.chubenko@example.com
Mr,Svyatoyar,Bakalo,svyatoyar.bakalo@example.com
Mr,Donnie,Beukema,donnie.beukema@example.com
Mr,Nathan,Fitzgerald,nathan.fitzgerald@example.com
Mrs,Dolores,Silva,dolores.silva@example.com
Mr,Adrián,Diez,adrian.diez@example.com
Ms,Sara,Berry,sara.berry@example.com
Mrs,Jasmine,Taylor,jasmine.taylor@example.com
Mr,Ted,Peterson,ted.peterson@example.com
Ms,Maëlia,Charles,maelia.charles@example.com
Mr,Eric,Brown,eric.brown@example.com
Ms,Maëly,Renaud,maely.renaud@example.com
Mrs,Soledad,Vega,soledad.vega@example.com
Mr,Janai,Lima,janai.lima@example.com
Mr,Nooa,Autio,nooa.autio@example.com
Mrs,Annette,Vasquez,annette.vasquez@example.com
Mr,Vasco,Nijenhuis,vasco.nijenhuis@example.com
Mr,George,Sutton,george.sutton@example.com
Mr,Raúl,Campos,raul.campos@example.com
Mr,Austin,Singh,austin.singh@example.com
Ms,الینا,پارسا,lyn.prs@example.com
Ms,Gordana,Vidaković,gordana.vidakovic@example.com
Mr,Kerim,Başoğlu,kerim.basoglu@example.com
Ms,Sophie,Ennis,sophie.ennis@example.com
Mr,Minne,Işik,minne.isik@example.com
Miss,Kathy,Gregory,kathy.gregory@example.com
Mr,Etiènne,Lootsma,etienne.lootsma@example.com
Mr,Ignacio,Santiago,ignacio.santiago@example.com
Mr,Grimaldo,Naranjo,grimaldo.naranjo@example.com
Mr,Daniel,Myers,daniel.myers@example.com
Mr,Hemetério,Mendes,hemeterio.mendes@example.com
Miss,Chiara,Henry,chiara.henry@example.com
Mr,Alfredo,Ferguson,alfredo.ferguson@example.com
Miss,Vicky,Reynolds,vicky.reynolds@example.com
Mrs,Mayra,Salian,mayra.salian@example.com
Mr,Cecil,Bryant,cecil.bryant@example.com
Mr,Lee,Fletcher,lee.fletcher@example.com
Miss,Ana,Williamson,ana.williamson@example.com
Mrs,Maëline,Roche,maeline.roche@example.com
Miss,Juliette,Kowalski,juliette.kowalski@example.com
Mrs,Elisa,Sáez,elisa.saez@example.com
Mr,Sarthak,Rao,sarthak.rao@example.com
Ms,Leyla,Irmer,leyla.irmer@example.com
Mr,Helge,Beier,helge.beier@example.com
Mrs,Taylor,Hunt,taylor.hunt@example.com
Mrs,Hayley,Li,hayley.li@example.com
Ms,Megan,Chapman,megan.chapman@example.com
Mr,Marcel,Reime,marcel.reime@example.com
Ms,Vicenta,Torres,vicenta.torres@example.com
Mr,Eeli,Ahola,eeli.ahola@example.com
Ms,Kelin,Novaes,kelin.novaes@example.com
Miss,Aubree,Fuller,aubree.fuller@example.com
Miss,Nadežda,Kuzmanović,nadezda.kuzmanovic@example.com
Mr,Nikolas,Gramstad,nikolas.gramstad@example.com
Madame,Roxane,Garnier,roxane.garnier@example.com
Mademoiselle,Snezana,Andre,snezana.andre@example.com
Mr,Dave,Holland,dave.holland@example.com
Mr,Hans-Willi,Meiser,hans-willi.meiser@example.com
Mr,Gaspard,Philippe,gaspard.philippe@example.com
Mr,Teodoro,Olvera,teodoro.olvera@example.com
Mrs,Dália,Barros,dalia.barros@example.com
Miss,Rasha,Bijvank,rasha.bijvank@example.com
Mr,Roberto,Menchaca,roberto.menchaca@example.com
Mr,Fabio,Rodriguez,fabio.rodriguez@example.com
Monsieur,Piero,Joly,piero.joly@example.com
Miss,Eva,Lundemo,eva.lundemo@example.com
Mr,نيما,کریمی,nym.khrymy@example.com
Mrs,Ulyana,Skaskiv,ulyana.skaskiv@example.com
Mr,Matthew,Ma,matthew.ma@example.com
Madame,Elena,Lopez,elena.lopez@example.com
Miss,Ronja,Nikula,ronja.nikula@example.com
Mr,Okan,Karaduman,okan.karaduman@example.com
Mr,Floyd,Green,floyd.green@example.com
Mr,Dragan,Goedhart,dragan.goedhart@example.com
Mr,Edward,Jordan,edward.jordan@example.com
Mr,Jorge,Santiago,jorge.santiago@example.com
Mr,Sean,Davies,sean.davies@example.com
Mrs,Abigail,Wilson,abigail.wilson@example.com
Mr,Thomas,Ross,thomas.ross@example.com
Mr,Ramón,Pizarro,ramon.pizarro@example.com
Ms,Linda,Høvik,linda.hovik@example.com
Mr,Hans,Heimdal,hans.heimdal@example.com
Mr,Vilho,Murto,vilho.murto@example.com
Mrs,Lily,Gonzales,lily.gonzales@example.com
Mr,اميرحسين,صدر,myrhsyn.sdr@example.com
Madame,Karen,Garcia,karen.garcia@example.com
Miss,Emma,Halko,emma.halko@example.com
Monsieur,Manuel,Lopez,manuel.lopez@example.com
Monsieur,Ricardo,Menard,ricardo.menard@example.com
Mr,Horacio,Regalado,horacio.regalado@example.com
Ms,Rose,Ennis,rose.ennis@example.com
Mrs,Emmy,Richard,emmy.richard@example.com
Mrs,Adelina,da Rocha,adelina.darocha@example.com
Mr,Rolf,Haavik,rolf.haavik@example.com
Miss,Victoria,Olsen,victoria.olsen@example.com
Miss,Valentina,Kuharuk,valentina.kuharuk@example.com
Miss,Noémie,Lam,noemie.lam@example.com
Mrs,Selma,Thomsen,selma.thomsen@example.com
Mr,Asélio,Gomes,aselio.gomes@example.com
Miss,Eevi,Couri,eevi.couri@example.com
Mrs,Paula,Román,paula.roman@example.com
Ms,Melissa,Meyer,melissa.meyer@example.com
Ms,Elizabeth,Clark,elizabeth.clark@example.com
Mr,Bernardo,Gaytán,bernardo.gaytan@example.com
Miss,Pinja,Koivisto,pinja.koivisto@example.com
Mr,Troy,Ray,troy.ray@example.com
Ms,Aracy,Araújo,aracy.araujo@example.com
Mr,Muhammad,Frisvold,muhammad.frisvold@example.com
Mrs,Nanna,Rasmussen,nanna.rasmussen@example.com
Mr,Mirko,Đokić,mirko.dokic@example.com
Mrs,Afina,Pashuk,afina.pashuk@example.com
Mr,Ken,Hudson,ken.hudson@example.com
Mrs,Maya,Guillaume,maya.guillaume@example.com
Mrs,Britney,Fox,britney.fox@example.com
Mr,Ernest,Armstrong,ernest.armstrong@example.com
Miss,Eugenia,Peña,eugenia.pena@example.com
Mr,Ryan,Taylor,ryan.taylor@example.com
Miss,Buse,Barbarosoğlu,buse.barbarosoglu@example.com
Miss,Chloe,Miller,chloe.miller@example.com
Miss,آیناز,گلشن,aynz.glshn@example.com
Mademoiselle,Adriana,Guerin,adriana.guerin@example.com
Ms,Fatma,Ertürk,fatma.erturk@example.com
Mr,Peetu,Hiltunen,peetu.hiltunen@example.com
Mr,Ritthy,Hudson,ritthy.hudson@example.com
Mrs,Juliette,Walker,juliette.walker@example.com
Mr,Elmer,Clarke,elmer.clarke@example.com
Miss,Carmen,Mielke,carmen.mielke@example.com
Mr,Vukota,Bjelica,vukota.bjelica@example.com
Mrs,Megan,Roy,megan.roy@example.com
Miss,Fátima,Aguilar,fatima.aguilar@example.com
Mr,Dale,Carlson,dale.carlson@example.com
Miss,Abigail,Hudson,abigail.hudson@example.com
Mr,Maxime,Ennis,maxime.ennis@example.com
Mrs,تینا,زارعی,tyn.zraay@example.com
Mr,Aloke,Kaur,aloke.kaur@example.com
Ms,Esperanza,Carrasco,esperanza.carrasco@example.com
Mr,Jake,Jousma,jake.jousma@example.com
Ms,Ceylan,Tunaboylu,ceylan.tunaboylu@example.com
Miss,Lidija,Jevtić,lidija.jevtic@example.com
Miss,Sofia,Andersen,sofia.andersen@example.com
Ms,Liva,Pedersen,liva.pedersen@example.com
Mr,Cameron,Hughes,cameron.hughes@example.com
Mr,Hansgeorg,Asmus,hansgeorg.asmus@example.com
Mr,Kaïs,Joly,kais.joly@example.com
Mrs,Richa,Gatty,richa.gatty@example.com
Mr,Bratislav,Stojanović,bratislav.stojanovic@example.com
Mr,Roger,Nelson,roger.nelson@example.com
Ms,Savannah,Espedal,savannah.espedal@example.com
Mr,Trym,Gunnarsson,trym.gunnarsson@example.com
Miss,Ouahiba,Van de Griend,ouahiba.vandegriend@example.com
Mrs,Nonna,Voronka,nonna.voronka@example.com
Ms,Mirna,Stošić,mirna.stosic@example.com
Mr,Alessio,Guerin,alessio.guerin@example.com
Ms,آدرینا,کریمی,adryn.khrymy@example.com
Ms,Catherine,White,catherine.white@example.com
Mr,Randall,Dean,randall.dean@example.com
Mrs,Danielle,Sullivan,danielle.sullivan@example.com
Mr,Valtteri,Rantala,valtteri.rantala@example.com
Mr,Kenneth,Bates,kenneth.bates@example.com
Mr,Louis,Singh,louis.singh@example.com
Mr,Virodar,Matviychuk,virodar.matviychuk@example.com
Mr,Niek,Nijkamp,niek.nijkamp@example.com
Miss,Dianne,Carter,dianne.carter@example.com
Mr,Mimon,Moreira,mimon.moreira@example.com
Miss,Natalie,Otterlei,natalie.otterlei@example.com
Mr,Kasper,Thomsen,kasper.thomsen@example.com
Mr,Alban,Guillot,alban.guillot@example.com
Miss,Annemie,Wegener,annemie.wegener@example.com
Mrs,Zoraida,Gonçalves,zoraida.goncalves@example.com
Mr,Sebastian,Sørensen,sebastian.sorensen@example.com
Ms,Kitty,Rodriquez,kitty.rodriquez@example.com
Mrs,Eléonore,Brun,eleonore.brun@example.com
Mr,Johnny,Macrae,johnny.macrae@example.com
Mr,Bassarme,Gonçalves,bassarme.goncalves@example.com
Mrs,Katrine,Johansen,katrine.johansen@example.com
Mrs,Holly,Ramos,holly.ramos@example.com
Ms,Maélie,Nguyen,maelie.nguyen@example.com
Mr,Ruwan,Ekici,ruwan.ekici@example.com
Miss,Glafira,Abramec,glafira.abramec@example.com
Miss,Susanne,Brooks,susanne.brooks@example.com
Mrs,مریم,علیزاده,mrym.aalyzdh@example.com
Mr,Åsmund,Solstad,asmund.solstad@example.com
Mr,پارسا,علیزاده,prs.aalyzdh@example.com
Miss,Lidia,Ortiz,lidia.ortiz@example.com
Ms,Djoeke,Postema,djoeke.postema@example.com
Monsieur,Dario,Lopez,dario.lopez@example.com
Mr,Gauthier,Roche,gauthier.roche@example.com
Miss,Alexandra,Lemoine,alexandra.lemoine@example.com
Miss,Eusébia,Costa,eusebia.costa@example.com
Mr,Zachary,Ross,zachary.ross@example.com
Ms,Vicki,Clark,vicki.clark@example.com
Mrs,Liva,Mortensen,liva.mortensen@example.com
Mr,Juan Manuel,Pizarro,juanmanuel.pizarro@example.com
Mr,Lasse,Ødegaard,lasse.odegaard@example.com
Ms,Nisha,Hiremath,nisha.hiremath@example.com
Ms,Peyton,Jackson,peyton.jackson@example.com
Mr,Zackary,Côté,zackary.cote@example.com
Mr,Florian,Lefevre,florian.lefevre@example.com
Miss,Virginia,Esparza,virginia.esparza@example.com
Mrs,Juana,de la Fuente,juana.delafuente@example.com
Mr,Theodore,Roberts,theodore.roberts@example.com
Mr,Léandre,Leclerc,leandre.leclerc@example.com
Mr,Naut,Van den Hoven,naut.vandenhoven@example.com
Mr,Noe,Lambert,noe.lambert@example.com
Mr,William,Ramos,william.ramos@example.com
Mrs,Irina,Burban,irina.burban@example.com
Mrs,Mayina,Krishen,mayina.krishen@example.com
Ms,Svenja,Bracke,svenja.bracke@example.com
Mr,Bazhan,Davidyak,bazhan.davidyak@example.com
Mr,Emre,Süleymanoğlu,emre.suleymanoglu@example.com
Miss,Anna,Andersen,anna.andersen@example.com
Mr,Fernão,Ribeiro,fernao.ribeiro@example.com
Mr,Taha,Rognstad,taha.rognstad@example.com
Mrs,Juliane,Melo,juliane.melo@example.com
Ms,Ruža,Grujić,ruza.grujic@example.com
Ms,Milica,Janković,milica.jankovic@example.com
Mr,Austin,Hernandez,austin.hernandez@example.com
Miss,Christine,Perry,christine.perry@example.com
Miss,Isabella,Jørgensen,isabella.jorgensen@example.com
Monsieur,Marko,Blanchard,marko.blanchard@example.com
Mr,Vilho,Mantyla,vilho.mantyla@example.com
Monsieur,Hanspeter,Robin,hanspeter.robin@example.com
Mr,Carter,Davies,carter.davies@example.com
Mr,Jordan,Washington,jordan.washington@example.com
Ms,Molly,Phillips,molly.phillips@example.com
Mr,Mark,Martin,mark.martin@example.com
Miss,Edith,Endresen,edith.endresen@example.com
Miss,Candela,Alves,candela.alves@example.com
Ms,Marialda,Gonçalves,marialda.goncalves@example.com
Mrs,Caterine,Sales,caterine.sales@example.com
Miss,Esther,Medina,esther.medina@example.com
Ms,Léonie,Meyer,leonie.meyer@example.com
Mr,Ben,Høgli,ben.hogli@example.com
Miss,Yehudi,Ramos,yehudi.ramos@example.com
Ms,Victoria,Gomez,victoria.gomez@example.com
Monsieur,Roy,Fernandez,roy.fernandez@example.com
Mr,Gerald,Lewis,gerald.lewis@example.com
Madame,Marianne,Morel,marianne.morel@example.com
Ms,Jalisa,Oorschot,jalisa.oorschot@example.com
Monsieur,Milan,Marchand,milan.marchand@example.com
Mrs,Namratha,Bhoja,namratha.bhoja@example.com
Mr,Felipe,Chavarría,felipe.chavarria@example.com
Miss,Jennifer,Williamson,jennifer.williamson@example.com
Mr,Brett,Brooks,brett.brooks@example.com
Mr,Reginald,Fleischmann,reginald.fleischmann@example.com
Mr,Eskild,Solevåg,eskild.solevag@example.com
Mr,Afrânio,Campos,afranio.campos@example.com
Mr,Önal,Sarıoğlu,onal.sarioglu@example.com
Mr,Oscar,Sánchez,oscar.sanchez@example.com
Mr,Greg,May,greg.may@example.com
Miss,Caroline,Ross,caroline.ross@example.com
Ms,Harper,Gregory,harper.gregory@example.com
Mr,Pedro,Navarro,pedro.navarro@example.com
Miss,Carmen,Esteban,carmen.esteban@example.com
Mr,Julian,Garza,julian.garza@example.com
Ms,Molly,King,molly.king@example.com
Mr,Frederik,Kristensen,frederik.kristensen@example.com
Ms,Raquel,Martin,raquel.martin@example.com
Mr,Charles,Ma,charles.ma@example.com
Miss,Hannah,Wilson,hannah.wilson@example.com
Mr,Corentin,David,corentin.david@example.com
Miss,Kathy,Woods,kathy.woods@example.com
Mrs,Mehar,Pujari,mehar.pujari@example.com
Ms,نیایش,كامياران,nyysh.kmyrn@example.com
Mr,Enrique,Bishop,enrique.bishop@example.com
Mr,Elijah,Kumar,elijah.kumar@example.com
Ms,Isobel,Davies,isobel.davies@example.com
Mr,Aatu,Rajala,aatu.rajala@example.com
Mr,Kacper,Willumsen,kacper.willumsen@example.com
Mrs,Jessica,Hall,jessica.hall@example.com
Mr,سهیل,کوتی,shyl.khwty@example.com
Mrs,غزل,محمدخان,gzl.mhmdkhn@example.com
Miss,Samantha,Alvarez,samantha.alvarez@example.com
Mrs,Anea,Nyhus,anea.nyhus@example.com
Mr,Pahal,Dhamdhame,pahal.dhamdhame@example.com
Miss,Kathryn,Ferguson,kathryn.ferguson@example.com
Mr,Vladimir,Pejić,vladimir.pejic@example.com
Miss,Brooke,Ray,brooke.ray@example.com
Mr,Joona,Kilpela,joona.kilpela@example.com
Ms,Quênia,Araújo,quenia.araujo@example.com
Ms,Asunción,Nieto,asuncion.nieto@example.com
Mrs,پارمیس,قاسمی,prmys.qsmy@example.com
Miss,Teresa,Walters,teresa.walters@example.com
Mr,Cristian,Duran,cristian.duran@example.com
Mrs,Emily,Madsen,emily.madsen@example.com
Miss,Joëlle,Vendrig,joelle.vendrig@example.com
Ms,Susanna,Coleman,susanna.coleman@example.com
Miss,Annette,Harris,annette.harris@example.com
Mr,Jordi,Cortes,jordi.cortes@example.com
Mrs,Francisca,Velasco,francisca.velasco@example.com
Mr,Onur,Erberk,onur.erberk@example.com
Miss,Leopoldine,Schrade,leopoldine.schrade@example.com
Miss,Latife,Mertoğlu,latife.mertoglu@example.com
Ms,Savannah,Burke,savannah.burke@example.com
Mr,Elijah,Martin,elijah.martin@example.com
Mr,August,Thomsen,august.thomsen@example.com
Mrs,Jadranka,Zec,jadranka.zec@example.com
Mr,Arsenije,Erceg,arsenije.erceg@example.com
Ms,Christine,Heinisch,christine.heinisch@example.com
Ms,Pihla,Nikula,pihla.nikula@example.com
Mrs,Ottilie,Ulmer,ottilie.ulmer@example.com
Ms,Victoria,Meyer,victoria.meyer@example.com
Mr,Tom,Foster,tom.foster@example.com
Ms,Oya,Koç,oya.koc@example.com
Miss,Begüm,Yalçın,begum.yalcin@example.com
Mr,Viljar,Elvestad,viljar.elvestad@example.com
Miss,Bharathy,Nayak,bharathy.nayak@example.com
Mr,Dave,Burton,dave.burton@example.com
Monsieur,Bryan,Lecomte,bryan.lecomte@example.com
Mr,Tristan,Abraham,tristan.abraham@example.com
Mr,Soham,Garrett,soham.garrett@example.com
Ms,Kathryn,Long,kathryn.long@example.com
Mr,Stanoje,Ivić,stanoje.ivic@example.com
Miss,Carmen,Romero,carmen.romero@example.com
Mr,Kirk,Martinez,kirk.martinez@example.com
Mr,Francisco,de la Fuente,francisco.delafuente@example.com
Mrs,Svetlana,Stepanović,svetlana.stepanovic@example.com
Miss,Maia,Evans,maia.evans@example.com
Mrs,Lily,Gagnon,lily.gagnon@example.com
Miss,Charlotte,Anderson,charlotte.anderson@example.com
Ms,Amparo,Caballero,amparo.caballero@example.com
Mrs,Nerci,das Neves,nerci.dasneves@example.com
Mr,Paul,James,paul.james@example.com
Mrs,Pava,Balanchuk,pava.balanchuk@example.com
Mrs,Hannah,Fortin,hannah.fortin@example.com
Mr,Randy,Hopkins,randy.hopkins@example.com
Mrs,Begüm,Çatalbaş,begum.catalbas@example.com
Mr,امیر,رضاییان,myr.rdyyn@example.com
Ms,Christina,Mckinney,christina.mckinney@example.com
Mr,Alessandro,Koch,alessandro.koch@example.com
Ms,Terra,Wilson,terra.wilson@example.com
Ms,Ida,Natvik,ida.natvik@example.com
Mr,Gökhan,Solmaz,gokhan.solmaz@example.com
Miss,Saana,Manner,saana.manner@example.com
Ms,Tara,Sanchez,tara.sanchez@example.com
Mr,Fradique,Vieira,fradique.vieira@example.com
Miss,Delia,Rodríguez,delia.rodriguez@example.com
Mr,Bently,Sirko,bently.sirko@example.com
Ms,Pia,Van Boheemen,pia.vanboheemen@example.com
Mr,Adelmiro,Oliveira,adelmiro.oliveira@example.com
Mr,Adam,Madsen,adam.madsen@example.com
Mrs,Eva,Chan,eva.chan@example.com
Ms,Annabel,Østerbø,annabel.osterbo@example.com
Mrs,Sara,Lopez,sara.lopez@example.com
Mr,Shane,Hicks,shane.hicks@example.com
Mr,Julian,Ray,julian.ray@example.com
Mr,Yann,Renard,yann.renard@example.com
Ms,Neha,Bhardwaj,neha.bhardwaj@example.com
Mr,Spasoje,Pavić,spasoje.pavic@example.com
Mr,Ricardo,Rojas,ricardo.rojas@example.com
Miss,Sofia,Anton,sofia.anton@example.com
Ms,Elif,Abacı,elif.abaci@example.com
Miss,Rathi,Bhoja,rathi.bhoja@example.com
Mr,Danny,Denneman,danny.denneman@example.com
Ms,Jeanne,Moulin,jeanne.moulin@example.com
Mademoiselle,Ingeborg,Lambert,ingeborg.lambert@example.com
Mr,Gordon,Alkan,gordon.alkan@example.com
Mr,Karam,De Koeijer,karam.dekoeijer@example.com
Miss,Amelia,Taylor,amelia.taylor@example.com
Miss,Sheila,Hudson,sheila.hudson@example.com
Miss,Rohini,Verdijk,rohini.verdijk@example.com
Mr,Harrison,Lee,harrison.lee@example.com
Monsieur,Maxim,Rolland,maxim.rolland@example.com
Mr,Abelardo,Holguín,abelardo.holguin@example.com
Mr,Soncedar,Dovgoshiya,soncedar.dovgoshiya@example.com
Mr,Cyrus,Vuijk,cyrus.vuijk@example.com
Mr,Milovan,Lucishin,milovan.lucishin@example.com
Mr,Charles,Li,charles.li@example.com
Mademoiselle,Océane,Girard,oceane.girard@example.com
Madame,Matilde,Lambert,matilde.lambert@example.com
Mr,Peetu,Jokinen,peetu.jokinen@example.com
Ms,Rosario,Pastor,rosario.pastor@example.com
Mr,Najat,Braas,najat.braas@example.com
Mrs,Rosario,Calvo,rosario.calvo@example.com
Mr,Rúpio,Jesus,rupio.jesus@example.com
Mr,آرش,علیزاده,arsh.aalyzdh@example.com
Ms,Tamara,Warren,tamara.warren@example.com
Mr,Philip,Christiansen,philip.christiansen@example.com
Mr,Beau,Chen,beau.chen@example.com
Mr,Brennan,Wheeler,brennan.wheeler@example.com
Monsieur,Lenny,Robert,lenny.robert@example.com
Mr,Rafaél,Regalado,rafael.regalado@example.com
Mr,Dobrolik,Roslavec,dobrolik.roslavec@example.com
Mrs,Lotta,Anttila,lotta.anttila@example.com
Mr,Mateo,Lira,mateo.lira@example.com
Mr,Lincoln,Cooper,lincoln.cooper@example.com
Ms,Grace,Hanson,grace.hanson@example.com
Mr,Ron,Marshall,ron.marshall@example.com
Ms,Marie,Cook,marie.cook@example.com
Mr,Charles,Li,charles.li@example.com
Mr,Alívio,Mendes,alivio.mendes@example.com
Ms,Augusta,Hulsker,augusta.hulsker@example.com
Ms,Poleza,Lemeshko,poleza.lemeshko@example.com
Mr,Aloys,Stumpf,aloys.stumpf@example.com
Mr,Hugo,Lorenzo,hugo.lorenzo@example.com
Mrs,Elsa,Salonen,elsa.salonen@example.com
Ms,Anette,Reuter,anette.reuter@example.com
Mr,Nicholas,Bell,nicholas.bell@example.com
Ms,Malou,Sørensen,malou.sorensen@example.com
Miss,Svyatogora,Kuzemskiy,svyatogora.kuzemskiy@example.com
Madame,Colette,Lucas,colette.lucas@example.com
Mrs,Mercedes,Ortiz,mercedes.ortiz@example.com
Mr,Emile,Fortin,emile.fortin@example.com
Mr,Herman,Adams,herman.adams@example.com
Mr,Yarovit,Zavalnyuk,yarovit.zavalnyuk@example.com
Mr,Salomão,Nogueira,salomao.nogueira@example.com
Mademoiselle,Petra,Fabre,petra.fabre@example.com
Mr,Domorad,Cibulko,domorad.cibulko@example.com
Monsieur,Jürg,Denis,jurg.denis@example.com
Mr,Mathias,Büchner,mathias.buchner@example.com
Mademoiselle,Flavia,Marchand,flavia.marchand@example.com
Ms,Evelia,Ayala,evelia.ayala@example.com
Mr,Iver,Kvinlaug,iver.kvinlaug@example.com
Miss,Kathryn,Dunn,kathryn.dunn@example.com
Ms,Adriana,Ulvestad,adriana.ulvestad@example.com
Miss,Trupti,Singh,trupti.singh@example.com
Miss,Lea,Lavoie,lea.lavoie@example.com
Mrs,Roswitha,Wimmer,roswitha.wimmer@example.com
Ms,Laurie,Hayes,laurie.hayes@example.com
Miss,Imogen,Li,imogen.li@example.com
Mr,Fabien,Chevalier,fabien.chevalier@example.com
Mr,James,Nelson,james.nelson@example.com
Miss,Vanessa,Young,vanessa.young@example.com
Mrs,Carol,Ferguson,carol.ferguson@example.com
Miss,Irma,Lewis,irma.lewis@example.com
Mr,Victor,Petersen,victor.petersen@example.com
Miss,Katalina,Spasojević,katalina.spasojevic@example.com
Mr,پارسا,صدر,prs.sdr@example.com
Miss,Maddison,Roberts,maddison.roberts@example.com
Miss,Bernice,Mitchell,bernice.mitchell@example.com
Miss,سوگند,زارعی,swgnd.zraay@example.com
Mr,Leon,Newman,leon.newman@example.com
Mrs,Gelena,Yudenko,gelena.yudenko@example.com
Miss,Matilda,Kumar,matilda.kumar@example.com
Mrs,Andréa,Lecomte,andrea.lecomte@example.com
Ms,Stefana,Grujić,stefana.grujic@example.com
Miss,Silje,Kristensen,silje.kristensen@example.com
Mr,Kasper,Sørensen,kasper.sorensen@example.com
Mr,Adem,Erbay,adem.erbay@example.com
Ms,Pauline,Fox,pauline.fox@example.com
Mr,Dino,Bartels,dino.bartels@example.com
Ms,Sarah,Denys,sarah.denys@example.com
Mr,Joseph,Ege,joseph.ege@example.com
Mrs,Aleksa,Šakić,aleksa.sakic@example.com
Mrs,Amelia,Lemaire,amelia.lemaire@example.com
Monsieur,Vitor,David,vitor.david@example.com
Mrs,Lana,Schmitt,lana.schmitt@example.com
Mr,Kilian,Siepmann,kilian.siepmann@example.com
Mr,Raghav,Singh,raghav.singh@example.com
Ms,Ella,Nielsen,ella.nielsen@example.com
Mr,Cristóbal,Blanco,cristobal.blanco@example.com
Miss,Lyubava,Krizhko,lyubava.krizhko@example.com
Mrs,بهاره,کریمی,bhrh.khrymy@example.com
Mr,Tian,Folkvord,tian.folkvord@example.com
Mr,Abraham,Tapia,abraham.tapia@example.com
Mrs,Peyton,Brooks,peyton.brooks@example.com
Mr,پارسا,نجاتی,prs.njty@example.com
Mr,Marcus,Nielsen,marcus.nielsen@example.com
Mr,Lawrence,Lee,lawrence.lee@example.com
Mr,Mostafa,Molund,mostafa.molund@example.com
Ms,Slavica,Tišma,slavica.tisma@example.com
Mr,David,Hughes,david.hughes@example.com
Mrs,Prakruthi,Rajesh,prakruthi.rajesh@example.com
Mr,Nolan,Chapman,nolan.chapman@example.com
Madame,Celine,Dumas,celine.dumas@example.com
Mr,Tillmann,Seger,tillmann.seger@example.com
Ms,Lilje,Aaserud,lilje.aaserud@example.com
Mr,Ryder,Brown,ryder.brown@example.com
Miss,Bernadette,Holler,bernadette.holler@example.com
Mr,Jay,Pearson,jay.pearson@example.com
Mr,Lyutomisl,Miron,lyutomisl.miron@example.com
Mrs,Sanjana,Shenoy,sanjana.shenoy@example.com
Mrs,Norma,Cardoso,norma.cardoso@example.com
Miss,Vilma,Huhtala,vilma.huhtala@example.com
Mr,Harold,Miles,harold.miles@example.com
Mr,Donald,Berns,donald.berns@example.com
Mr,Job,Silva,job.silva@example.com
Mr,Félix,Lozano,felix.lozano@example.com
Mr,Abbas,Geib,abbas.geib@example.com
Mrs,Silvane,Porto,silvane.porto@example.com
Mr,Gonzalo,Cabrera,gonzalo.cabrera@example.com
Miss,Wanda,Wilson,wanda.wilson@example.com
Mr,Adrian,Osullivan,adrian.osullivan@example.com
Mrs,Lorena,Villareal,lorena.villareal@example.com
Mr,Terrence,Jimenez,terrence.jimenez@example.com
Mr,Timothy,Steward,timothy.steward@example.com
Mr,Charlie,Harris,charlie.harris@example.com
Miss,Dagmar,Ferber,dagmar.ferber@example.com
Mr,Mauro,Narváez,mauro.narvaez@example.com
Mr,Ajinkya,Nagane,ajinkya.nagane@example.com
Mr,Quírio,Jesus,quirio.jesus@example.com
Mrs,Rosa-Maria,Blankenburg,rosa-maria.blankenburg@example.com
Ms,Maia,Hall,maia.hall@example.com
Miss,Eevi,Ahola,eevi.ahola@example.com
Monsieur,Jordan,Garcia,jordan.garcia@example.com
Mr,Sixto,Castro,sixto.castro@example.com
Mr,Cohen,Clarke,cohen.clarke@example.com
Miss,Phoebe,Brown,phoebe.brown@example.com
Ms,Maddison,Diaz,maddison.diaz@example.com
Miss,Jill,Diaz,jill.diaz@example.com
Mr,Vlade,Santrač,vlade.santrac@example.com
Miss,Candice,Lemaire,candice.lemaire@example.com
Mrs,Dunja,Bajević,dunja.bajevic@example.com
Mr,Dragoljub,Anđelković,dragoljub.andelkovic@example.com
Mrs,Aaliyah,Jones,aaliyah.jones@example.com
Miss,Jennie,Rognmo,jennie.rognmo@example.com
Ms,Elin,Mjelde,elin.mjelde@example.com
Ms,Shona,Nagane,shona.nagane@example.com
Ms,Lily,Lewis,lily.lewis@example.com
Mr,Theo,Edwards,theo.edwards@example.com
Mr,Brandon,Shelton,brandon.shelton@example.com
Mr,Wyatt,Green,wyatt.green@example.com
Madame,Liselotte,Francois,liselotte.francois@example.com
Mrs,Carlota,Monroy,carlota.monroy@example.com
Mr,Bureviy,Tobilevich,bureviy.tobilevich@example.com
Mr,Ahmet,Orbay,ahmet.orbay@example.com
Miss,Meghan,Dixon,meghan.dixon@example.com
Mrs,Ava,Margaret,ava.margaret@example.com
Ms,Kris,Telkamp,kris.telkamp@example.com
Mrs,Olive,Singh,olive.singh@example.com
Mr,Dustin,Hunter,dustin.hunter@example.com
Miss,Luna,Gautier,luna.gautier@example.com
Mr,Leonel,Monroy,leonel.monroy@example.com
Miss,Daisy,Fleming,daisy.fleming@example.com
Miss,Elya,Da Silva,elya.dasilva@example.com
Mrs,Emilia,Hernández,emilia.hernandez@example.com
Mrs,Sofia,Ortiz,sofia.ortiz@example.com
Miss,Queija,Almeida,queija.almeida@example.com
Mr,Gavin,Rose,gavin.rose@example.com
Ms,Miroslava,Korobchuk,miroslava.korobchuk@example.com
Mrs,Carlota,Guevara,carlota.guevara@example.com
Mr,Emil,Kilpela,emil.kilpela@example.com
Mr,Viraj,Kamath,viraj.kamath@example.com
Mr,Jorge,Bahena,jorge.bahena@example.com
Ms,Kely,da Cruz,kely.dacruz@example.com
Ms,Veera,Huhtala,veera.huhtala@example.com
Miss,Alla,Hase,alla.hase@example.com
Mr,Leevi,Keto,leevi.keto@example.com
Mr,Barış,Evliyaoğlu,baris.evliyaoglu@example.com
Mr,Damião,Silveira,damiao.silveira@example.com
Mr,Alfred,Sørensen,alfred.sorensen@example.com
Mr,Radko,Romanyuk,radko.romanyuk@example.com
Miss,Sofia,Moya,sofia.moya@example.com
Miss,Emilie,Boyer,emilie.boyer@example.com
Mrs,Jen,Hunt,jen.hunt@example.com
Mr,David,Johnson,david.johnson@example.com
Ms,Miriam,Duran,miriam.duran@example.com
Mr,Hugo,Roberts,hugo.roberts@example.com
Miss,فاطمه زهرا,قاسمی,ftmhzhr.qsmy@example.com
Miss,Nadežda,Vasić,nadezda.vasic@example.com
Mr,Danilo,Grujić,danilo.grujic@example.com
Mrs,Florance,De Poorter,florance.depoorter@example.com
Mr,Deepak,Tipparti,deepak.tipparti@example.com
Mr,اميرمحمد,کامروا,myrmhmd.khmrw@example.com
Miss,Ayşe,Akışık,ayse.akisik@example.com
Ms,Likhitha,Vernekar,likhitha.vernekar@example.com
Miss,Eleanor,Woods,eleanor.woods@example.com
Mrs,Rachana,Keshri,rachana.keshri@example.com
Mr,Eelis,Laitinen,eelis.laitinen@example.com
Ms,Alberte,Sørensen,alberte.sorensen@example.com
Mr,Sagar,Rai,sagar.rai@example.com
Ms,Veslemøy,Olesen,veslemoy.olesen@example.com
Miss,Carmen,Pérez,carmen.perez@example.com
Mr,Mustafa,Çörekçi,mustafa.corekci@example.com
Mr,Julián,Sáez,julian.saez@example.com
Miss,Evie,Hughes,evie.hughes@example.com
Miss,Svitolyuba,Shepticka,svitolyuba.shepticka@example.com
Ms,Maria,Byrd,maria.byrd@example.com
Mrs,Parimala,Chatterjee,parimala.chatterjee@example.com
Monsieur,Patric,Dupont,patric.dupont@example.com
Mr,Winesh,Ramdas,winesh.ramdas@example.com
Mademoiselle,Priska,Roussel,priska.roussel@example.com
Ms,Roza,Kovtun,roza.kovtun@example.com
Mrs,Brooklyn,Singh,brooklyn.singh@example.com
Mr,Aiden,Anderson,aiden.anderson@example.com
Miss,Rebecca,Bailey,rebecca.bailey@example.com
Mrs,Megan,Brar,megan.brar@example.com
Mrs,Judy,Barnes,judy.barnes@example.com
Mrs,Abbie,Howard,abbie.howard@example.com
Mrs,Montserrat,Román,montserrat.roman@example.com
Mr,Victor,Jørgensen,victor.jorgensen@example.com
Mrs,Giesela,Sperlich,giesela.sperlich@example.com
Ms,Aada,Wiita,aada.wiita@example.com
Mrs,Vilje,Dale,vilje.dale@example.com
Mr,Macit,Saygıner,macit.sayginer@example.com
Mrs,Allie,Shaw,allie.shaw@example.com
Miss,Lisa,Murphy,lisa.murphy@example.com
Mr,رادین,رضاییان,rdyn.rdyyn@example.com
Ms,Vicky,Robinson,vicky.robinson@example.com
Mr,Horacio,Ríos,horacio.rios@example.com
Mrs,Angie,Horton,angie.horton@example.com
Mr,Antonio,Santana,antonio.santana@example.com
Ms,Margaritha,Overman,margaritha.overman@example.com
Monsieur,Herbert,Colin,herbert.colin@example.com
Monsieur,Raoul,Lucas,raoul.lucas@example.com
Ms,Valdelaine,Ramos,valdelaine.ramos@example.com
Madame,Medina,Laurent,medina.laurent@example.com
Ms,Saloni,Rao,saloni.rao@example.com
Miss,Avery,Grewal,avery.grewal@example.com
Ms,Liona,Corver,liona.corver@example.com
Mr,Austin,Wood,austin.wood@example.com
Mr,پوریا,مرادی,pwry.mrdy@example.com
Mr,پارسا,رضاییان,prs.rdyyn@example.com
Mr,Grozan,Grigorchuk,grozan.grigorchuk@example.com
Mr,Perry,Freeman,perry.freeman@example.com
Miss,Lok,De Zwart,lok.dezwart@example.com
Mr,Rajko,Čabarkapa,rajko.cabarkapa@example.com
Mr,Lewis,Oliver,lewis.oliver@example.com
Mr,Nitesh,Naik,nitesh.naik@example.com
Mr,Deepak,Prajapati,deepak.prajapati@example.com
Mr,Vincent,Garza,vincent.garza@example.com
Miss,Louna,Fontai,louna.fontai@example.com
Mr,Felix,Patel,felix.patel@example.com
Monsieur,Angelo,Mercier,angelo.mercier@example.com
Mr,George,Thomas,george.thomas@example.com
Mr,Hirondino,Aragão,hirondino.aragao@example.com
Mr,Tâmiris,Oliveira,tamiris.oliveira@example.com
Mr,Austin,Moore,austin.moore@example.com
Mr,Ferrer,da Cunha,ferrer.dacunha@example.com
Mademoiselle,Miranda,Philippe,miranda.philippe@example.com
Miss,Nicole,Stephens,nicole.stephens@example.com
Mr,Regino,Jesus,regino.jesus@example.com
Miss,Nina,Dokić,nina.dokic@example.com
Mr,Ian,Cruz,ian.cruz@example.com
Ms,Marilda,da Costa,marilda.dacosta@example.com
Mr,Batur,Yazıcı,batur.yazici@example.com
Miss,باران,زارعی,brn.zraay@example.com
Miss,Kate,Moreno,kate.moreno@example.com
Monsieur,Renato,Mercier,renato.mercier@example.com
Mr,Lucas,Rezende,lucas.rezende@example.com
Miss,Veena,Anchan,veena.anchan@example.com
Mr,Ethan,Miles,ethan.miles@example.com
Mr,Darryl,Johnson,darryl.johnson@example.com
Miss,Bianka,Riemer,bianka.riemer@example.com
Miss,Alexis,Hernandez,alexis.hernandez@example.com
Mr,Fletcher,Kumar,fletcher.kumar@example.com
Mr,Floyd,Henry,floyd.henry@example.com
Mr,سورنا,زارعی,swrn.zraay@example.com
Mr,Omer,Monteiro,omer.monteiro@example.com
Mr,Ray,Hernandez,ray.hernandez@example.com
Mr,Arsalan,Zwetsloot,arsalan.zwetsloot@example.com
Mademoiselle,Michela,Dupuis,michela.dupuis@example.com
Ms,Madhura,Dawangave,madhura.dawangave@example.com
Mr,اميرعلي,محمدخان,myraaly.mhmdkhn@example.com
Mrs,Amelia,Lam,amelia.lam@example.com
Mr,Isabel,Colunga,isabel.colunga@example.com
Mrs,Hannah,Smith,hannah.smith@example.com
Monsieur,Mathias,Brun,mathias.brun@example.com
Mr,Elliot,Bates,elliot.bates@example.com
Mrs,Lila,Lefebvre,lila.lefebvre@example.com
Mrs,Meral,Çevik,meral.cevik@example.com
Mr,Antoine,Chow,antoine.chow@example.com
Mr,Shane,Clarijs,shane.clarijs@example.com
Mr,Henry,White,henry.white@example.com
Mr,Marko,Živanović,marko.zivanovic@example.com
Mr,Frederik,Mortensen,frederik.mortensen@example.com
Mr,Mikael,Wallo,mikael.wallo@example.com
Miss,Ragna,Aae,ragna.aae@example.com
Ms,فاطمه زهرا,علیزاده,ftmhzhr.aalyzdh@example.com
Mr,Neil,Peters,neil.peters@example.com
Miss,Valentina,Deschamps,valentina.deschamps@example.com
Miss,Magarete,Emmert,magarete.emmert@example.com
Mr,Brad,Green,brad.green@example.com
Ms,Susan,Stenzel,susan.stenzel@example.com
Mr,Jorge,Sánchez,jorge.sanchez@example.com
Mrs,Jocelei,Caldeira,jocelei.caldeira@example.com
Mr,Amadeus,Stendal,amadeus.stendal@example.com
Mr,Dylan,Shaw,dylan.shaw@example.com
Miss,Tereza,Boykiv,tereza.boykiv@example.com
Mr,Darren,Spencer,darren.spencer@example.com
Miss,Victoire,Rolland,victoire.rolland@example.com
Mr,Polyan,Parubok,polyan.parubok@example.com
Mr,Jitse,Warner,jitse.warner@example.com
Mr,Adem,Adıvar,adem.adivar@example.com
Ms,Lærke,Hansen,laerke.hansen@example.com
Mrs,بهاره,علیزاده,bhrh.aalyzdh@example.com
Miss,Olga,Nagorna,olga.nagorna@example.com
Mr,Aatu,Ollila,aatu.ollila@example.com
Mrs,Rachel,Carr,rachel.carr@example.com
Mr,Mason,White,mason.white@example.com
Mrs,Montserrat,Cruz,montserrat.cruz@example.com
Mr,Gregory,Marshall,gregory.marshall@example.com
Mr,Gremislav,Lisevich,gremislav.lisevich@example.com
Mr,Soncevid,Belmachovskiy,soncevid.belmachovskiy@example.com
Miss,Marija,Mitrović,marija.mitrovic@example.com
Mr,Leon,Gray,leon.gray@example.com
Miss,Abigail,Olson,abigail.olson@example.com
Mr,Diede,Buskermolen,diede.buskermolen@example.com
Mr,Oscar,Thomsen,oscar.thomsen@example.com
Ms,Asya,Stobenskiy,asya.stobenskiy@example.com
Mr,Mehmet,Okur,mehmet.okur@example.com
Mr,Sebastian,Madsen,sebastian.madsen@example.com
Mr,Henry,Preuß,henry.preuss@example.com
Miss,Angela,Frazier,angela.frazier@example.com
Miss,Gordana,Ivkov,gordana.ivkov@example.com
Mrs,فاطمه زهرا,سالاری,ftmhzhr.slry@example.com
Mr,Marcel,Frøyland,marcel.froyland@example.com
Mr,Lucas,Christensen,lucas.christensen@example.com
Mr,Ahmet,Öztürk,ahmet.ozturk@example.com
Ms,Irina,Caldeira,irina.caldeira@example.com
Mr,Ardian,Reijntjes,ardian.reijntjes@example.com
Mr,محمدپارسا,رضاییان,mhmdprs.rdyyn@example.com
Mr,Vassilios,Krug,vassilios.krug@example.com
Mr,Askold,Protasyuk,askold.protasyuk@example.com
Mr,سپهر,کوتی,sphr.khwty@example.com
Ms,Ceylan,Erginsoy,ceylan.erginsoy@example.com
Mr,Alexander,Pelletier,alexander.pelletier@example.com
Mr,Benjamin,Lévesque,benjamin.levesque@example.com
Miss,Selma,Pedersen,selma.pedersen@example.com
Mr,Joseph,Wood,joseph.wood@example.com
Mrs,Ariadna,Leyva,ariadna.leyva@example.com
Ms,Gustava,Krivonis,gustava.krivonis@example.com
Mr,Pahal,Nair,pahal.nair@example.com
Mrs,Emilie,Møller,emilie.moller@example.com
Mr,Valdemar,Nielsen,valdemar.nielsen@example.com
Mr,Brett,Oliver,brett.oliver@example.com
Mr,Lazar,Hadžić,lazar.hadzic@example.com
Mr,Luis,Petterson,luis.petterson@example.com
Mr,Adolfo,García,adolfo.garcia@example.com
Mr,Alexandre,Bouchard,alexandre.bouchard@example.com
Monsieur,Alan,Riviere,alan.riviere@example.com
Mrs,ستایش,قاسمی,stysh.qsmy@example.com
Mr,Iván,Sáez,ivan.saez@example.com
Mr,Folkert,Neumeier,folkert.neumeier@example.com
Mr,Eelis,Lehtola,eelis.lehtola@example.com
Mr,Macit,Poçan,macit.pocan@example.com
Mr,Rasmus,Sørensen,rasmus.sorensen@example.com
Monsieur,Gilles,Roussel,gilles.roussel@example.com
Mrs,Isabella,Jensen,isabella.jensen@example.com
Ms,Tania,Cabán,tania.caban@example.com
Mr,Muhammed,Gjengedal,muhammed.gjengedal@example.com
Mr,اميرحسين,محمدخان,myrhsyn.mhmdkhn@example.com
Mr,Sergio,Balderas,sergio.balderas@example.com
Mr,Mason,Lewis,mason.lewis@example.com
Mr,Azuma,Canales,azuma.canales@example.com
Miss,Yadviga,Shabliy,yadviga.shabliy@example.com
Mr,Jayden,Brown,jayden.brown@example.com
Miss,Alyssa,Riley,alyssa.riley@example.com
Mrs,Vildan,Ayaydın,vildan.ayaydin@example.com
Mr,Aurélien,Girard,aurelien.girard@example.com
Mr,Gerardo,Santiago,gerardo.santiago@example.com
Ms,Rose,Brun,rose.brun@example.com
Mr,Harley,Singh,harley.singh@example.com
Miss,Sowjanya,Babu,sowjanya.babu@example.com
Miss,Milena,Đokanović,milena.dokanovic@example.com
Mrs,Vicky,Byrd,vicky.byrd@example.com
Mrs,Ceyhan,Fahri,ceyhan.fahri@example.com
Ms,Carrie,Dunn,carrie.dunn@example.com
Miss,Diana,Riley,diana.riley@example.com
Miss,Bernadine,Volmer,bernadine.volmer@example.com
Mrs,Deniz,Demirel,deniz.demirel@example.com
Mrs,Noémie,Miller,noemie.miller@example.com
Monsieur,Walter,Duval,walter.duval@example.com
Miss,Nathalie,Asmus,nathalie.asmus@example.com
Mrs,Afşar,Kıraç,afsar.kirac@example.com
Miss,Ariane,Harcourt,ariane.harcourt@example.com
Miss,Rosie,Long,rosie.long@example.com
Mr,Michael,Webb,michael.webb@example.com
Mr,Samuel,Fuentes,samuel.fuentes@example.com
Mr,Antonio,Díaz,antonio.diaz@example.com
Mr,Rayan,Fleury,rayan.fleury@example.com
Mr,Dorofiy,Gudima Oleksandr,dorofiy.gudimaoleksandr@example.com
Miss,Lidija,Babić,lidija.babic@example.com
Mrs,Siiri,Latvala,siiri.latvala@example.com
Ms,Virginia,Rolón,virginia.rolon@example.com
Mr,Matias,Halla,matias.halla@example.com
Mr,Manfred,Tiede,manfred.tiede@example.com
Miss,Viivi,Lakso,viivi.lakso@example.com
Miss,Julie,Landsem,julie.landsem@example.com
Mr,Alvin,Clark,alvin.clark@example.com
Mr,Vivek,Shetty,vivek.shetty@example.com
Ms,Melina,Rajković,melina.rajkovic@example.com
Ms,Ülkü,Karaduman,ulku.karaduman@example.com
Mr,Fabiano,Rodrigues,fabiano.rodrigues@example.com
Mr,Jerry,Tucker,jerry.tucker@example.com
Mr,Camille,Roumen,camille.roumen@example.com
Mr,Patrick,Hart,patrick.hart@example.com
Miss,Victoria,Lucero,victoria.lucero@example.com
Ms,Bessie,Knight,bessie.knight@example.com
Mr,Reginald,Alvarez,reginald.alvarez@example.com
Mr,Revun,Sokulskiy,revun.sokulskiy@example.com
Mrs,Chloe,Gill,chloe.gill@example.com
Mr,Pablo,Roybal,pablo.roybal@example.com
Miss,Karlisa,da Mota,karlisa.damota@example.com
Mr,Ansh,Dhamdhame,ansh.dhamdhame@example.com
Ms,Ceylan,Ilıcalı,ceylan.ilicali@example.com
Mr,Richard,Soto,richard.soto@example.com
Ms,Amy,Thompson,amy.thompson@example.com
Miss,Maya,Brunet,maya.brunet@example.com
Mrs,Isla,Salo,isla.salo@example.com
Mademoiselle,Flavia,Robin,flavia.robin@example.com
Mr,Sadhil,Nayak,sadhil.nayak@example.com
Mr,Tolislav,Diminskiy,tolislav.diminskiy@example.com
Miss,Wendy,Colunga,wendy.colunga@example.com
Mr,Jimmy,Terry,jimmy.terry@example.com
Ms,آوا,حسینی,aw.hsyny@example.com
Madame,Margarita,Roche,margarita.roche@example.com
Mrs,Josefine,Poulsen,josefine.poulsen@example.com
Mr,Connor,Patterson,connor.patterson@example.com
Mr,Alão,Aragão,alao.aragao@example.com
Miss,Isabelle,Powell,isabelle.powell@example.com
Ms,Buse,Karaer,buse.karaer@example.com
Ms,Katrina,Marshall,katrina.marshall@example.com
Mademoiselle,Silke,Rolland,silke.rolland@example.com
Mr,Mehmet,Demirel,mehmet.demirel@example.com
Mr,Byron,Ramos,byron.ramos@example.com
Ms,Soncelika,Bogaievskiy,soncelika.bogaievskiy@example.com
Mr,Théodore,Picard,theodore.picard@example.com
Mr,Óliver,Hernádez,oliver.hernadez@example.com
Mrs,Ariana,Turner,ariana.turner@example.com
Mr,Alberto,Cox,alberto.cox@example.com
Mrs,Iida,Valli,iida.valli@example.com
Mrs,Rostichara,Korchak,rostichara.korchak@example.com
Miss,سوگند,صدر,swgnd.sdr@example.com
Ms,Caroline,Christiansen,caroline.christiansen@example.com
Mr,Frederik,Kristensen,frederik.kristensen@example.com
Mrs,Emilie,Selvåg,emilie.selvag@example.com
Ms,Margarita,García,margarita.garcia@example.com
Mr,Loan,Gauthier,loan.gauthier@example.com
Ms,رونیکا,صدر,rwnykh.sdr@example.com
Mr,Ian,Herrera,ian.herrera@example.com
Mrs,Natalia,Rašić,natalia.rasic@example.com
Ms,آرمیتا,سهيلي راد,armyt.shylyrd@example.com
Ms,Angie,Wilson,angie.wilson@example.com
Mr,Manthan,Prabhu,manthan.prabhu@example.com
Miss,Sientje,Kleijne,sientje.kleijne@example.com
Miss,Arlete,Farias,arlete.farias@example.com
Miss,Sharlene,Caldwell,sharlene.caldwell@example.com
Mrs,Swarna,Nayak,swarna.nayak@example.com
Mr,Santiago,Leyva,santiago.leyva@example.com
Mr,Eduardo,Colunga,eduardo.colunga@example.com
Mrs,Carmen,Haß,carmen.hass@example.com
Miss,Odara,Aragão,odara.aragao@example.com
Mr,Joan,Duran,joan.duran@example.com
Mr,Josif,Marinković,josif.marinkovic@example.com
Mr,Leslie,Mccoy,leslie.mccoy@example.com
Mr,Uĝur,Hulsman,ugur.hulsman@example.com
Mr,Alexander,Jensen,alexander.jensen@example.com
Ms,Mackenzie,Singh,mackenzie.singh@example.com
Mrs,Bijou,Yilmaz,bijou.yilmaz@example.com
Mr,Mathias,Jensen,mathias.jensen@example.com
Mr,Laurentino,Ferreira,laurentino.ferreira@example.com
Mr,Marcus,Breidenbach,marcus.breidenbach@example.com
Mr,Mikael,Hannula,mikael.hannula@example.com
Miss,Vildan,Numanoğlu,vildan.numanoglu@example.com
Mrs,Bessie,Warren,bessie.warren@example.com
Mr,Nicholas,Østby,nicholas.ostby@example.com
Mr,Tormod,Åsheim,tormod.asheim@example.com
Ms,Elena,Šarić,elena.saric@example.com
Miss,Ceyhan,Kunt,ceyhan.kunt@example.com
Ms,Vitaliya,Ciba,vitaliya.ciba@example.com
Mrs,آوا,رضایی,aw.rdyy@example.com
Ms,Leah,Williams,leah.williams@example.com
Mrs,Ilariya,Lipa,ilariya.lipa@example.com
Mr,Hunter,Lopez,hunter.lopez@example.com
Ms,Afrodita,Stec,afrodita.stec@example.com
Mr,Cornelio,Rocha,cornelio.rocha@example.com
Mr,Juan Carlos,Archuleta,juancarlos.archuleta@example.com
Mr,Kadir,Tahincioğlu,kadir.tahincioglu@example.com
Mrs,Valerie,Jennings,valerie.jennings@example.com
Ms,Amy,Perkins,amy.perkins@example.com
Miss,Mstislava,Gliviy,mstislava.gliviy@example.com
Mr,Ognjen,Nenezić,ognjen.nenezic@example.com
Mr,Herman,Reed,herman.reed@example.com
Ms,Heloísa,Freitas,heloisa.freitas@example.com
Ms,Francine,Rocha,francine.rocha@example.com
Mademoiselle,Petra,Lefebvre,petra.lefebvre@example.com
Madame,Elif,Nguyen,elif.nguyen@example.com
Miss,Katrine,Jørgensen,katrine.jorgensen@example.com
Mrs,Elisa,Vincent,elisa.vincent@example.com
Mr,Cristian,Gallardo,cristian.gallardo@example.com
Miss,Jessica,Nelson,jessica.nelson@example.com
Mrs,Shabari,Gatty,shabari.gatty@example.com
Ms,Kübra,Korol,kubra.korol@example.com
Miss,Laly,Blanc,laly.blanc@example.com
Ms,Shambhavi,Kaur,shambhavi.kaur@example.com
Mr,Abram,Lieb,abram.lieb@example.com
Miss,Anni,Maunu,anni.maunu@example.com
Mr,Brennan,Gray,brennan.gray@example.com
Mrs,Aada,Karvonen,aada.karvonen@example.com
Mr,Clarence,Daniels,clarence.daniels@example.com
Mr,Biloslav,Chaban,biloslav.chaban@example.com
Mr,Gatusil,Pichkur,gatusil.pichkur@example.com
Miss,Melina,Sekulić,melina.sekulic@example.com
Mr,Gero,Köster,gero.koster@example.com
Mr,Teunis,Wiltink,teunis.wiltink@example.com
Monsieur,Julio,Perez,julio.perez@example.com
Madame,Emily,Bourgeois,emily.bourgeois@example.com
Ms,Dilce,Barros,dilce.barros@example.com
Mr,Đorđe,Živković,dorde.zivkovic@example.com
Mr,Fiete,Huhn,fiete.huhn@example.com
Mrs,Yudit,Vermenich,yudit.vermenich@example.com
Monsieur,Marek,Lemoine,marek.lemoine@example.com
Mr,Christoffer,Petersen,christoffer.petersen@example.com
Mr,Juan,Castillo,juan.castillo@example.com
Madame,Margaux,Aubert,margaux.aubert@example.com
Mr,Zackary,Gagné,zackary.gagne@example.com
Ms,Zlatomira,Shkabar,zlatomira.shkabar@example.com
Ms,Abigail,Austin,abigail.austin@example.com
Mr,Patrick,Perez,patrick.perez@example.com
Mr,Lino,das Neves,lino.dasneves@example.com
Mr,Cornelio,Vela,cornelio.vela@example.com
Ms,Milka,Kalinić,milka.kalinic@example.com
Miss,Jennie,Gonzales,jennie.gonzales@example.com
Mr,Aiden,Evans,aiden.evans@example.com
Miss,Florence,Singh,florence.singh@example.com
Mr,Jesse,Hoffman,jesse.hoffman@example.com
Mrs,Aubrey,Park,aubrey.park@example.com
Miss,Silke,Mortensen,silke.mortensen@example.com
Ms,Celina,Herigstad,celina.herigstad@example.com
Miss,Aloisia,Wesemann,aloisia.wesemann@example.com
Mrs,Nalan,Aydan,nalan.aydan@example.com
Ms,Brielle,Martin,brielle.martin@example.com
Mr,Dave,Diaz,dave.diaz@example.com
Mrs,Rosalie,Rode,rosalie.rode@example.com
Mrs,Jenisha,Gupta,jenisha.gupta@example.com
Mr,Oliver,Puro,oliver.puro@example.com
Mr,Aiden,Gardner,aiden.gardner@example.com
Mr,Frédéric,Bogerd,frederic.bogerd@example.com
Mrs,Ustina,Nalivayko,ustina.nalivayko@example.com
Miss,Siiri,Lampo,siiri.lampo@example.com
Mr,Andreas,Olsen,andreas.olsen@example.com
Ms,Esma,Yalçın,esma.yalcin@example.com
Mr,Roope,Kyllonen,roope.kyllonen@example.com
Miss,Ronja,Rintala,ronja.rintala@example.com
Mrs,آوینا,محمدخان,awyn.mhmdkhn@example.com
Mr,علی,کریمی,aaly.khrymy@example.com
Ms,Linda,Sanders,linda.sanders@example.com
Mr,Nolhan,Dufour,nolhan.dufour@example.com
Mrs,Terri,Parker,terri.parker@example.com
Mrs,Geetha,Bhat,geetha.bhat@example.com
Mr,ایلیا,صدر,yly.sdr@example.com
Mr,Ignjatije,Pejaković,ignjatije.pejakovic@example.com
Miss,Geraldine,Bendig,geraldine.bendig@example.com
Ms,Emma,Novak,emma.novak@example.com
Mr,Ayaan,Severinsen,ayaan.severinsen@example.com
Ms,Carmen,Ramírez,carmen.ramirez@example.com
Mr,Aitor,da Cruz,aitor.dacruz@example.com
Mr,Leo,Zhang,leo.zhang@example.com
Mr,Marc,Obrien,marc.obrien@example.com
Mr,Cooper,Williams,cooper.williams@example.com
Miss,Mila,Lee,mila.lee@example.com
Mr,سام,یاسمی,sm.ysmy@example.com
Mr,Terrence,Stanley,terrence.stanley@example.com
Mr,احسان,زارعی,hsn.zraay@example.com
Mr,Jacob,Johansen,jacob.johansen@example.com
Mr,Amund,Folkestad,amund.folkestad@example.com
Mr,ماهان,علیزاده,mhn.aalyzdh@example.com
Mr,Blake,Côté,blake.cote@example.com
Ms,Alicia,Murillo,alicia.murillo@example.com
Mrs,Vivian,Reyes,vivian.reyes@example.com
Mr,Rubén,Bravo,ruben.bravo@example.com
Mr,Virgil,Bennett,virgil.bennett@example.com
Mr,Durbalino,Santos,durbalino.santos@example.com
Mr,Valentín,Serrano,valentin.serrano@example.com
Mrs,Tracy,Burke,tracy.burke@example.com
Ms,Rachel,Perkins,rachel.perkins@example.com
Mr,Ljuba,Mančić,ljuba.mancic@example.com
Mr,Joona,Nurmi,joona.nurmi@example.com
Mr,Agustín,Duran,agustin.duran@example.com
Miss,Yaromira,Shepel,yaromira.shepel@example.com
Miss,Maëlyne,Lacroix,maelyne.lacroix@example.com
Miss,Annelies,Altmann,annelies.altmann@example.com
Mr,Louis,Anderson,louis.anderson@example.com
Ms,Marit,Verhagen,marit.verhagen@example.com
Mr,Alex,Turner,alex.turner@example.com
Mr,Bob,Rivera,bob.rivera@example.com
Mrs,Helmi,Pelto,helmi.pelto@example.com
Mr,آرتين,سلطانی نژاد,artyn.sltnynjd@example.com
Mrs,Susanna,Chambers,susanna.chambers@example.com
Miss,Aldonza,Hidalgo,aldonza.hidalgo@example.com
Ms,Vilma,Lepisto,vilma.lepisto@example.com
Mr,Ethan,Brunet,ethan.brunet@example.com
Mr,Ojas,Keshri,ojas.keshri@example.com
Mrs,Ljiljana,Stojanović,ljiljana.stojanovic@example.com
Ms,Alex,Osullivan,alex.osullivan@example.com
Ms,Begüm,Koçyiğit,begum.kocyigit@example.com
Mademoiselle,Lia,Menard,lia.menard@example.com
Mr,Jacob,Chow,jacob.chow@example.com
Mr,Julio,Bustos,julio.bustos@example.com
Miss,Maika,Vermeulen,maika.vermeulen@example.com
Ms,Kitty,Obrien,kitty.obrien@example.com
Mr,Laurits,Kronstad,laurits.kronstad@example.com
Madame,Jenny,Rolland,jenny.rolland@example.com
Mr,Samuel,Brown,samuel.brown@example.com
Mr,Opanas,Levkivskiy,opanas.levkivskiy@example.com
Mr,Radomir,Blažić,radomir.blazic@example.com
Miss,Savannah,White,savannah.white@example.com
Ms,Esperanza,Reyes,esperanza.reyes@example.com
Mr,احسان,كامياران,hsn.kmyrn@example.com
Ms,آدرینا,سلطانی نژاد,adryn.sltnynjd@example.com
Ms,Meral,Gönültaş,meral.gonultas@example.com
Monsieur,Mohamed,Caron,mohamed.caron@example.com
Mr,Callum,Hopkins,callum.hopkins@example.com
Ms,Claire,Morel,claire.morel@example.com
Mrs,Sofia,Harper,sofia.harper@example.com
Ms,Andréia,da Cruz,andreia.dacruz@example.com
Mr,Amir,Kjos,amir.kjos@example.com
Miss,آیناز,موسوی,aynz.mwswy@example.com
Mrs,Alexa,Ward,alexa.ward@example.com
Mr,Mads,Kaldestad,mads.kaldestad@example.com
Mr,Martin,Armstrong,martin.armstrong@example.com
Mr,Gabriel,Weernink,gabriel.weernink@example.com
Monsieur,Tiago,Fournier,tiago.fournier@example.com
Mr,Aiden,Bergo,aiden.bergo@example.com
Miss,بیتا,حسینی,byt.hsyny@example.com
Monsieur,Matteo,Aubert,matteo.aubert@example.com
Miss,Yuhimiya,Poltavec,yuhimiya.poltavec@example.com
Mr,Jacob,Møller,jacob.moller@example.com
Ms,Mihaela,Blažić,mihaela.blazic@example.com
Mrs,Sheila,Long,sheila.long@example.com
Mr,Harley,Chen,harley.chen@example.com
Mr,Coşkun,Alyanak,coskun.alyanak@example.com
Mrs,Swarna,Hiremath,swarna.hiremath@example.com
Mr,Reginald,Lewis,reginald.lewis@example.com
Mr,Gustav,Schwarzer,gustav.schwarzer@example.com
Mr,طاها,احمدی,th.hmdy@example.com
Mrs,Sibilla,Voigtländer,sibilla.voigtlander@example.com
Ms,Felecia,Wells,felecia.wells@example.com
Ms,Emilie,Jensen,emilie.jensen@example.com
Mrs,Elsa,Remes,elsa.remes@example.com
Mr,Aiden,Ford,aiden.ford@example.com
Mr,Elias,Johansen,elias.johansen@example.com
Miss,Stephanie,Allen,stephanie.allen@example.com
Mrs,فاطمه,محمدخان,ftmh.mhmdkhn@example.com
Monsieur,Erhard,Gonzalez,erhard.gonzalez@example.com
Mr,Tobias,Jørgensen,tobias.jorgensen@example.com
Miss,Anny,Hausmann,anny.hausmann@example.com
Mr,Gabin,Carpentier,gabin.carpentier@example.com
Mr,Omar,Bjerkan,omar.bjerkan@example.com
Miss,Norah,Richard,norah.richard@example.com
Mrs,Amalia,Echeverría,amalia.echeverria@example.com
Mrs,Olivia,Wallo,olivia.wallo@example.com
Mr,Simon,French,simon.french@example.com
Mr,Louis,Fisher,louis.fisher@example.com
Madame,Tiffany,Dupuis,tiffany.dupuis@example.com
Mrs,آنیتا,سلطانی نژاد,anyt.sltnynjd@example.com
Mr,Felipe,Prieto,felipe.prieto@example.com
Mr,Ladislav,Korolenko,ladislav.korolenko@example.com
Mr,Tyler,Lynch,tyler.lynch@example.com
Mr,Ruben,Vargas,ruben.vargas@example.com
Mr,Girish,Bansal,girish.bansal@example.com
Mr,Mikolaj,Holberg,mikolaj.holberg@example.com
Mrs,Fredrikke,Reed,fredrikke.reed@example.com
Mr,Iman,Kaddouri,iman.kaddouri@example.com
Monsieur,Friedrich,Laurent,friedrich.laurent@example.com
Mr,Mathias,Hansen,mathias.hansen@example.com
Mademoiselle,Irma,Renaud,irma.renaud@example.com
Ms,Isabella,Pedersen,isabella.pedersen@example.com
Mr,James,Kowalski,james.kowalski@example.com
Miss,Berdine,Slieker,berdine.slieker@example.com
Mrs,Martine,Brobakken,martine.brobakken@example.com
Mr,Edwin,Wille,edwin.wille@example.com
Miss,Anica,Nenadović,anica.nenadovic@example.com
Mrs,Amalie,Larsen,amalie.larsen@example.com
Mrs,Vlatka,Damjanović,vlatka.damjanovic@example.com
Mademoiselle,Edona,Michel,edona.michel@example.com
Mr,Mladen,Raspopović,mladen.raspopovic@example.com
Mrs,Margarita,Esteban,margarita.esteban@example.com
Miss,Addison,White,addison.white@example.com
Miss,Brooke,Davies,brooke.davies@example.com
Mr,Lonnie,Lucas,lonnie.lucas@example.com
Madame,Rebecca,Leroy,rebecca.leroy@example.com
Mrs,Kikiliya,Netreba,kikiliya.netreba@example.com
Mr,Max,Chen,max.chen@example.com
Mr,Ferdi,Loose,ferdi.loose@example.com
Mr,Miguel,Zúñiga,miguel.zuniga@example.com
Mrs,Natalia,Cavazos,natalia.cavazos@example.com
Mrs,Charlotte,Addy,charlotte.addy@example.com
Mr,Nicolay,Haveland,nicolay.haveland@example.com
Madame,Christa,Dupuis,christa.dupuis@example.com
Mrs,Live,Bergstrøm,live.bergstrom@example.com
Mr,Mathias,Petersen,mathias.petersen@example.com
Mr,Justin,Little,justin.little@example.com
Miss,یاسمن,قاسمی,ysmn.qsmy@example.com
Mr,Antoon,Den Boer,antoon.denboer@example.com
Mr,Abel,Adam,abel.adam@example.com
Mrs,Evamaria,Peschke,evamaria.peschke@example.com
Mr,Fernando,Holland,fernando.holland@example.com
Mr,Veit,Schönfelder,veit.schonfelder@example.com
Mr,Aleksi,Kurtti,aleksi.kurtti@example.com
Ms,Jessica,Foster,jessica.foster@example.com
Miss,سوگند,نجاتی,swgnd.njty@example.com
Mrs,Sonia,Parra,sonia.parra@example.com
Mr,Gabriel,Jasper,gabriel.jasper@example.com
Mr,Alvaro,Ureña,alvaro.urena@example.com
Mr,Maris,Stellingwerf,maris.stellingwerf@example.com
Mademoiselle,Sara,Clement,sara.clement@example.com
Mr,Rupert,Jauch,rupert.jauch@example.com
Miss,Emmy,Petit,emmy.petit@example.com
Mr,Velizar,Pejaković,velizar.pejakovic@example.com
Mr,Jessie,Shaw,jessie.shaw@example.com
Mrs,Charlotte,Zhang,charlotte.zhang@example.com
Mr,Valtteri,Halko,valtteri.halko@example.com
Miss,Vicky,Frazier,vicky.frazier@example.com
Mademoiselle,Beate,Bonnet,beate.bonnet@example.com
Mr,Simon,Chow,simon.chow@example.com
Ms,Yasemin,Yıldırım,yasemin.yildirim@example.com
Mr,William,Fabre,william.fabre@example.com
Mr,Ljubiša,Drljača,ljubisa.drljaca@example.com
Mr,Maurílio,Sales,maurilio.sales@example.com
Miss,Méline,Nguyen,meline.nguyen@example.com
Mr,Pedro,Gutiérrez,pedro.gutierrez@example.com
Miss,Kathy,Cole,kathy.cole@example.com
Monsieur,Mohammed,Nguyen,mohammed.nguyen@example.com
Mr,Louis,Lo,louis.lo@example.com
Mrs,Ava,Thomas,ava.thomas@example.com
Monsieur,Sean,Dufour,sean.dufour@example.com
Mrs,Paige,Cooper,paige.cooper@example.com
Miss,Katrine,Madsen,katrine.madsen@example.com
Mr,Felipe,Zapata,felipe.zapata@example.com
Mr,José Emilio,Toro,joseemilio.toro@example.com
Mr,Andrés,Vicente,andres.vicente@example.com
Miss,Kailane,Novaes,kailane.novaes@example.com
Ms,Isla,Turner,isla.turner@example.com
Mrs,Paige,Zhang,paige.zhang@example.com
Mr,Damjan,Radanović,damjan.radanovic@example.com
Mr,Sadhil,Jain,sadhil.jain@example.com
Mr,Deepak,Kumari,deepak.kumari@example.com
Mr,Lance,Hamilton,lance.hamilton@example.com
Miss,Jessica,Powell,jessica.powell@example.com
Miss,Antonie,Schütz,antonie.schutz@example.com
Mr,Dino,Castro,dino.castro@example.com
Miss,Alana,Novaes,alana.novaes@example.com
Mr,Joel,Herrera,joel.herrera@example.com
Mr,Jelger,De Jonge,jelger.dejonge@example.com
Mr,طاها,نكو نظر,th.nkwnzr@example.com
Mr,Augusto,Marrero,augusto.marrero@example.com
Mrs,Olive,Thomas,olive.thomas@example.com
Ms,Gonca,Çetiner,gonca.cetiner@example.com
Mr,Manthan,Rai,manthan.rai@example.com
Ms,Isla,Aro,isla.aro@example.com
Miss,Jane,Melo,jane.melo@example.com
Mr,Ângelo,Campos,angelo.campos@example.com
Mademoiselle,Sarina,Robert,sarina.robert@example.com
Ms,تارا,نكو نظر,tr.nkwnzr@example.com
Mr,Carlos,Cano,carlos.cano@example.com
Mr,Sune,Mahamed,sune.mahamed@example.com
Mr,Nicholas,Crawford,nicholas.crawford@example.com
Mr,Marc,Carrasco,marc.carrasco@example.com
Mrs,Alicia,Ross,alicia.ross@example.com
Mr,Arlo,Smith,arlo.smith@example.com
Ms,Zwaantje,Idsinga,zwaantje.idsinga@example.com
Mr,Travis,Collins,travis.collins@example.com
Mr,Noah,Andersen,noah.andersen@example.com
Mrs,Anupama,Rajesh,anupama.rajesh@example.com
Ms,Chaymae,Van den Hoff,chaymae.vandenhoff@example.com
Ms,Sedef,Tokatlıoğlu,sedef.tokatlioglu@example.com
Mr,Benjamin,Lee,benjamin.lee@example.com
Miss,Melike,Dağdaş,melike.dagdas@example.com
Mr,Jacob,Chow,jacob.chow@example.com
Mrs,Olivia,Møller,olivia.moller@example.com
Mr,Mathys,Blanc,mathys.blanc@example.com
Mr,Tom,Armstrong,tom.armstrong@example.com
Mrs,Ceyhan,Kunt,ceyhan.kunt@example.com
Miss,Stefaniya,Mudriy,stefaniya.mudriy@example.com
Monsieur,Jesus,Marie,jesus.marie@example.com
Mr,Abel,Bernard,abel.bernard@example.com
Mr,آرسین,سهيلي راد,arsyn.shylyrd@example.com
Mr,Martin,Steijns,martin.steijns@example.com
Miss,Ege,Mertoğlu,ege.mertoglu@example.com
Monsieur,Martial,Garnier,martial.garnier@example.com
Miss,Melina,da Cunha,melina.dacunha@example.com
Mr,Eneias,Souza,eneias.souza@example.com
Miss,Andrea,Romero,andrea.romero@example.com
Mr,Necati,Topaloğlu,necati.topaloglu@example.com
Mr,Héctor,Sáez,hector.saez@example.com
Miss,Carla,Montero,carla.montero@example.com
Mr,Kuzman,Marinković,kuzman.marinkovic@example.com
Mr,Freddie,Morrison,freddie.morrison@example.com
Miss,Brooklyn,Wilson,brooklyn.wilson@example.com
Mr,Mustafa,Çetin,mustafa.cetin@example.com
Mr,اميرمحمد,موسوی,myrmhmd.mwswy@example.com
Mr,Girão,Almeida,girao.almeida@example.com
Mr,عباس,کریمی,aabs.khrymy@example.com
Miss,Marita,Scheibel,marita.scheibel@example.com
Mr,Đorđe,Perišić,dorde.perisic@example.com
Mrs,Kavitha,Shayana,kavitha.shayana@example.com
Ms,Alfreda,Mogila,alfreda.mogila@example.com
Mrs,Özsu,Babaoğlu,ozsu.babaoglu@example.com
Mr,Nakul,Saldanha,nakul.saldanha@example.com
Mr,احسان,حسینی,hsn.hsyny@example.com
Mr,Celino,Santos,celino.santos@example.com
Miss,Ellen,Manninen,ellen.manninen@example.com
Miss,Ella,Hansen,ella.hansen@example.com
Mr,Necati,Kavaklıoğlu,necati.kavaklioglu@example.com
Ms,Iina,Hannula,iina.hannula@example.com
Ms,Molly,Nordskog,molly.nordskog@example.com
Miss,Johanneke,Huppertz,johanneke.huppertz@example.com
Miss,Eleanor,Watson,eleanor.watson@example.com
Mr,Idalécio,da Mota,idalecio.damota@example.com
Mrs,Eden,Morel,eden.morel@example.com
Miss,Erika,Hoffman,erika.hoffman@example.com
Mr,Lyubomisl,Kaminska,lyubomisl.kaminska@example.com
Mrs,Nelli,Koski,nelli.koski@example.com
Miss,Pernille,Harlem,pernille.harlem@example.com
Mr,Ali,Gümüşpala,ali.gumuspala@example.com
Mr,Onni,Manninen,onni.manninen@example.com
Mr,Jasper,King,jasper.king@example.com
Miss,Angelina,Vidaković,angelina.vidakovic@example.com
Mr,Matthias,Mezger,matthias.mezger@example.com
Ms,Svyatogora,Yushnevskiy,svyatogora.yushnevskiy@example.com
Mr,ماهان,کوتی,mhn.khwty@example.com
Mr,Alan,Hall,alan.hall@example.com
Miss,Grace,Fitzgerald,grace.fitzgerald@example.com
Mrs,Jill,Cruz,jill.cruz@example.com
Mr,Craig,Roberts,craig.roberts@example.com
Mr,Rainer,Loeff,rainer.loeff@example.com
Mrs,Sanja,Pantelić,sanja.pantelic@example.com
Mr,Andrew,Ryan,andrew.ryan@example.com
Miss,Mónica,Burgos,monica.burgos@example.com
Mrs,Jucélia,da Rocha,jucelia.darocha@example.com
Mrs,Natalie,Walker,natalie.walker@example.com
Mr,Tobias,Olsen,tobias.olsen@example.com
Miss,Angela,Oliver,angela.oliver@example.com
Ms,Elvine,Tjøstheim,elvine.tjostheim@example.com
Mrs,Angela,Jennings,angela.jennings@example.com
Mr,Ramiro,Calderón,ramiro.calderon@example.com
Mademoiselle,Tanja,Mathieu,tanja.mathieu@example.com
Mr,Edward,King,edward.king@example.com
Mrs,Isabela,de la Fuente,isabela.delafuente@example.com
Mr,Leo,Pakkala,leo.pakkala@example.com
Miss,Dzvenislava,Kasyanenko,dzvenislava.kasyanenko@example.com
Mr,Gordon,Hale,gordon.hale@example.com
Mr,Frank,Hill,frank.hill@example.com
Mrs,Lucía,Longoria,lucia.longoria@example.com
Miss,Lillie,Armstrong,lillie.armstrong@example.com
Mr,Joannes,Nout,joannes.nout@example.com
Miss,Minttu,Perala,minttu.perala@example.com
Mr,Hunter,Claire,hunter.claire@example.com
Mr,Idálio,Ferreira,idalio.ferreira@example.com
Ms,Rosemary,Venneman,rosemary.venneman@example.com
Ms,Ragnhild,Taule,ragnhild.taule@example.com
Ms,Donna,Gardner,donna.gardner@example.com
Mrs,Karla,Olsen,karla.olsen@example.com
Mrs,Clara,Møller,clara.moller@example.com
Mrs,Loeci,Martins,loeci.martins@example.com
Monsieur,Gaetano,Moulin,gaetano.moulin@example.com
Ms,Ulla,Heskestad,ulla.heskestad@example.com
Monsieur,Alfred,Vincent,alfred.vincent@example.com
Mr,Victor,Robertson,victor.robertson@example.com
Mrs,Julia,Harrison,julia.harrison@example.com
Mrs,Reshma,Chatterjee,reshma.chatterjee@example.com
Mr,Zvenislav,Atroshenko,zvenislav.atroshenko@example.com
Miss,Sonja,Rother,sonja.rother@example.com
Mr,Marco,Martínez,marco.martinez@example.com
Mr,Ianis,Silva,ianis.silva@example.com
Miss,Lorraine,Morales,lorraine.morales@example.com
Mr,Miloslav,Vasilevskiy,miloslav.vasilevskiy@example.com
Miss,Eva,Esteban,eva.esteban@example.com
Mr,Carmelo,Carmona,carmelo.carmona@example.com
Mr,Bently,Chu,bently.chu@example.com
Ms,Pavitra,Kumar,pavitra.kumar@example.com
Mr,Hérman,Rocha,herman.rocha@example.com
Ms,Camille,Harris,camille.harris@example.com
Mr,Lenni,Huotari,lenni.huotari@example.com
Mr,Kenneth,Richards,kenneth.richards@example.com
Mrs,Michela,Clerx,michela.clerx@example.com
Ms,Josefa,Prieto,josefa.prieto@example.com
Monsieur,José,Marie,jose.marie@example.com
Miss,Rosa,Hernandez,rosa.hernandez@example.com
Mr,Andreas,Christiansen,andreas.christiansen@example.com
Mr,Balvan,Shetty,balvan.shetty@example.com
Mrs,Gül,Öymen,gul.oymen@example.com
Madame,Inge,Lopez,inge.lopez@example.com
Mr,Stanoje,Janković,stanoje.jankovic@example.com
Mrs,Vibha,Jain,vibha.jain@example.com
Miss,Alevtina,Onipko,alevtina.onipko@example.com
Mr,Andy,Parker,andy.parker@example.com
Mr,Ljuba,Rađen,ljuba.raden@example.com
Mr,Lídio,Carvalho,lidio.carvalho@example.com
Madame,Céline,Thomas,celine.thomas@example.com
Ms,Delina,Uijl,delina.uijl@example.com
Ms,Barbara,Langguth,barbara.langguth@example.com
Ms,Becky,Riley,becky.riley@example.com
Mr,Elijah,Henry,elijah.henry@example.com
Mr,آریا,قاسمی,ary.qsmy@example.com
Mrs,یاسمین,نجاتی,ysmyn.njty@example.com
Mrs,Joselien,Berends,joselien.berends@example.com
Mr,Ernest,Lane,ernest.lane@example.com
Miss,Maya,Lecomte,maya.lecomte@example.com
Mrs,Luisa,Páez,luisa.paez@example.com
Mr,Volelyub,Panasyuk,volelyub.panasyuk@example.com
Ms,Andrijana,Bajević,andrijana.bajevic@example.com
Mr,Analide,Nogueira,analide.nogueira@example.com
Mr,Mille,Thomsen,mille.thomsen@example.com
Ms,Krin,Prescott,krin.prescott@example.com
Mr,Jacob,Moore,jacob.moore@example.com
Monsieur,Serge,Lecomte,serge.lecomte@example.com
Miss,Gül,Ertürk,gul.erturk@example.com
Monsieur,Tony,Meyer,tony.meyer@example.com
Mr,Russell,Jensen,russell.jensen@example.com
Mr,Dylan,Jackson,dylan.jackson@example.com
Mrs,Olivia,Green,olivia.green@example.com
Mrs,Clara,Slawa,clara.slawa@example.com
Miss,Elvira,Fernández,elvira.fernandez@example.com
Ms,Brigitta,Zeller,brigitta.zeller@example.com
Ms,Orimira,Radeckiy,orimira.radeckiy@example.com
Monsieur,Cyrill,Jean,cyrill.jean@example.com
Mr,Ümit,Hamzaoğlu,umit.hamzaoglu@example.com
Mr,Indalécio,Pereira,indalecio.pereira@example.com
Mr,Phillip,Bowman,phillip.bowman@example.com
Mrs,Tijana,Radojičić,tijana.radojicic@example.com
Mr,Filip,Wisløff,filip.wisloff@example.com
Mrs,Nicoline,Larsen,nicoline.larsen@example.com
Mrs,Alice,Wang,alice.wang@example.com
Mrs,Zoya,Kachala,zoya.kachala@example.com
Miss,Manja,Grosser,manja.grosser@example.com
Mademoiselle,Simona,Philippe,simona.philippe@example.com
Miss,Nastasiya,Malovichko,nastasiya.malovichko@example.com
Mr,Gojko,Jevremović,gojko.jevremovic@example.com
Mr,Ramses,Delgado,ramses.delgado@example.com
Miss,Juana,León,juana.leon@example.com
Miss,Diana,Cooper,diana.cooper@example.com
Miss,Avery,Burke,avery.burke@example.com
Mr,Hans-H.,Junghans,hans-h..junghans@example.com
Mr,سینا,پارسا,syn.prs@example.com
Mrs,Minervina,Lopes,minervina.lopes@example.com
Mr,Enzo,Denis,enzo.denis@example.com
Mr,Roy,Davies,roy.davies@example.com
Mrs,Thea,Lillejord,thea.lillejord@example.com
Mr,William,Wood,william.wood@example.com
Miss,Teodora,Vilotić,teodora.vilotic@example.com
Ms,Alexandra,Melcher,alexandra.melcher@example.com
Mr,Norman,Adams,norman.adams@example.com
Mr,Nelly,Oquendo,nelly.oquendo@example.com
Mr,Anatoli,Klocke,anatoli.klocke@example.com
Ms,Meghashree,Naik,meghashree.naik@example.com
Mr,Israel,Gutiérrez,israel.gutierrez@example.com
Ms,María,Rodríguez,maria.rodriguez@example.com
Mr,Thomas,Lopez,thomas.lopez@example.com
Miss,Johanne,Johansen,johanne.johansen@example.com
Mrs,Chloe,Ginnish,chloe.ginnish@example.com
Mr,Omkaar,Saldanha,omkaar.saldanha@example.com
Miss,Liva,Sørensen,liva.sorensen@example.com
Monsieur,Marc,Guillaume,marc.guillaume@example.com
Miss,Mariya,Kuzmuk,mariya.kuzmuk@example.com
Mr,Mathias,Garcia,mathias.garcia@example.com
Mr,Xavier,Suarez,xavier.suarez@example.com
Ms,تینا,جعفری,tyn.jaafry@example.com
Mr,Joel,Lehtonen,joel.lehtonen@example.com
Mr,Giray,Kavaklıoğlu,giray.kavaklioglu@example.com
Mr,Rafael,Molina,rafael.molina@example.com
Miss,Addison,Macdonald,addison.macdonald@example.com
Miss,Hannah,Walker,hannah.walker@example.com
Mr,Léandre,Vincent,leandre.vincent@example.com
Mr,Danny,Fields,danny.fields@example.com
Mr,Matthew,Harris,matthew.harris@example.com
Mr,Daniel,Bates,daniel.bates@example.com
Miss,Maria,Nielsen,maria.nielsen@example.com
Mr,Alihan,Huijer,alihan.huijer@example.com
Mr,Noah,Harris,noah.harris@example.com
Mr,Jesse,Kyllo,jesse.kyllo@example.com
Mr,حسین,گلشن,hsyn.glshn@example.com
Mrs,Martha,Kelley,martha.kelley@example.com
Mr,Ramiz,Van Bemmelen,ramiz.vanbemmelen@example.com
Mr,Gorimisl,Moroz,gorimisl.moroz@example.com
Ms,Minea,Rinne,minea.rinne@example.com
Mr,Esteban,Molina,esteban.molina@example.com
Ms,Sofie,Hansen,sofie.hansen@example.com
Ms,Olivia,Mcdonalid,olivia.mcdonalid@example.com
Ms,Ivana,Danilović,ivana.danilovic@example.com
Mr,Vincent,Wang,vincent.wang@example.com
Miss,Delal,Van der Duin,delal.vanderduin@example.com
Mr,Aleu,Gomes,aleu.gomes@example.com
Mrs,Sonika,Dawangave,sonika.dawangave@example.com
Ms,Maeva,Tremblay,maeva.tremblay@example.com
Mr,Roy,Webb,roy.webb@example.com
Mr,Eren,Bolatlı,eren.bolatli@example.com
Mrs,Marta,Ruiz,marta.ruiz@example.com
Mrs,Jeanette,Mason,jeanette.mason@example.com
Mr,Elijah,Obrien,elijah.obrien@example.com
Monsieur,Giovanni,Carpentier,giovanni.carpentier@example.com
Miss,Hanan,Steine,hanan.steine@example.com
Mr,Oliver,Pedersen,oliver.pedersen@example.com
Miss,Tamara,Fowler,tamara.fowler@example.com
Ms,Tâmara,Lopes,tamara.lopes@example.com
Madame,Saskia,Guillot,saskia.guillot@example.com
Miss,Lea,Clark,lea.clark@example.com
Miss,Emmie,Bernard,emmie.bernard@example.com
Mr,Macit,Elmastaşoğlu,macit.elmastasoglu@example.com
Mrs,Sharin,Dissel,sharin.dissel@example.com
Mr,Jeremiah,Green,jeremiah.green@example.com
Mr,Eemeli,Salminen,eemeli.salminen@example.com
Mr,Lauri,Lampo,lauri.lampo@example.com
Miss,Elizabeth,Rice,elizabeth.rice@example.com
Mrs,Anuska,Titulaer,anuska.titulaer@example.com
Mr,Ángel,Carmona,angel.carmona@example.com
Mrs,Lotta,Linna,lotta.linna@example.com
Miss,Norma,Guevara,norma.guevara@example.com
Miss,Kripa,Anchan,kripa.anchan@example.com
Mrs,Randi,Elde,randi.elde@example.com
Mr,Makar,Davidyak,makar.davidyak@example.com
Mrs,Marie,Parker,marie.parker@example.com
Ms,Nevaeh,Burton,nevaeh.burton@example.com
Mr,Milovan,Rabiy,milovan.rabiy@example.com
Mr,Jimmie,Mckinney,jimmie.mckinney@example.com
Mr,Radojko,Vasić,radojko.vasic@example.com
Miss,Olga,Rukavina,olga.rukavina@example.com
Mr,Gojko,Peković,gojko.pekovic@example.com
Mr,Petko,Erceg,petko.erceg@example.com
Mr,August,Olsen,august.olsen@example.com
Mr,Toivo,Polon,toivo.polon@example.com
Mr,Alejandro,Cano,alejandro.cano@example.com
Mr,Rishi,Kavser,rishi.kavser@example.com
Ms,Eilish,Marks,eilish.marks@example.com
Ms,Mahika,Singh,mahika.singh@example.com
Miss,Isabella,Claire,isabella.claire@example.com
Mr,Terrance,Jenkins,terrance.jenkins@example.com
Mrs,Vishishta,Das,vishishta.das@example.com
Mrs,Imelda,Schuler,imelda.schuler@example.com
Mr,Barry,Barnes,barry.barnes@example.com
Mrs,Alejandra,Lima,alejandra.lima@example.com
Miss,Lison,Jean,lison.jean@example.com
Mr,Kaya,Tüzün,kaya.tuzun@example.com
Ms,Thea,Rasmussen,thea.rasmussen@example.com
Miss,Veera,Heino,veera.heino@example.com
Mr,Vedat,Pektemek,vedat.pektemek@example.com
Mr,Johan,Olsen,johan.olsen@example.com
Mrs,Alison,Gordon,alison.gordon@example.com
Mr,Anton,Bakić,anton.bakic@example.com
Mr,Fatih,Babacan,fatih.babacan@example.com
Mr,Alexander,Bélanger,alexander.belanger@example.com
Mrs,Lea,Poulsen,lea.poulsen@example.com
Mr,مانی,صدر,mny.sdr@example.com
Mr,Tristan,Rasmussen,tristan.rasmussen@example.com
Mr,Budivoy,Yankovskiy,budivoy.yankovskiy@example.com
Ms,Isabella,White,isabella.white@example.com
Mr,رهام,علیزاده,rhm.aalyzdh@example.com
Mr,ایلیا,صدر,yly.sdr@example.com
Mrs,Abby,Hunter,abby.hunter@example.com
Monsieur,Jacques,Masson,jacques.masson@example.com
Mr,سهیل,صدر,shyl.sdr@example.com
Mr,Amauri,da Rocha,amauri.darocha@example.com
Mr,Dylan,Harris,dylan.harris@example.com
Miss,Marjorie,Howard,marjorie.howard@example.com
Ms,Gayathri,Singh,gayathri.singh@example.com
Mr,Younes,Wennevold,younes.wennevold@example.com
Mr,Zerá,Moraes,zera.moraes@example.com
Miss,Pinja,Paavola,pinja.paavola@example.com
Mr,Kay-Uwe,Hell,kay-uwe.hell@example.com
Mrs,Madison,Hall,madison.hall@example.com
Mr,Zayan,Banerjee,zayan.banerjee@example.com
Miss,Doris,Cunningham,doris.cunningham@example.com
Monsieur,Josip,Dupont,josip.dupont@example.com
Ms,Sharron,Lawrence,sharron.lawrence@example.com
Mr,Jesus,Fuller,jesus.fuller@example.com
Mr,Andrés,Reyes,andres.reyes@example.com
Mrs,Brandy,Rogers,brandy.rogers@example.com
Mr,Ethan,Jones,ethan.jones@example.com
Mr,Kaïs,Garnier,kais.garnier@example.com
Ms,Rosenei,Vieira,rosenei.vieira@example.com
Ms,Laurine,Brunet,laurine.brunet@example.com
Ms,María del Carmen,Leyva,mariadelcarmen.leyva@example.com
Mr,Devansh,Dawangave,devansh.dawangave@example.com
Mr,Nikolaj,Møller,nikolaj.moller@example.com
Mr,Ege,Öymen,ege.oymen@example.com
Ms,Celia,Borsheim,celia.borsheim@example.com
Mr,علی رضا,كامياران,aalyrd.kmyrn@example.com
Ms,Sayali,Kumar,sayali.kumar@example.com
Mr,Kyle,Horton,kyle.horton@example.com
Mr,Job,Moura,job.moura@example.com
Ms,Vicki,Graves,vicki.graves@example.com
Mr,بنیامین,زارعی,bnymyn.zraay@example.com
Miss,زهرا,جعفری,zhr.jaafry@example.com
Mr,Nebojša,Dinčić,nebojsa.dincic@example.com
Ms,Natalia,Gutiérrez,natalia.gutierrez@example.com
Madame,Geneviève,Lacroix,genevieve.lacroix@example.com
Mr,Onni,Tolonen,onni.tolonen@example.com
Mr,Dominic,Mitchell,dominic.mitchell@example.com
Mrs,Siiri,Lassila,siiri.lassila@example.com
Miss,Iekaterina,Hodiki,iekaterina.hodiki@example.com
Mr,Časlav,Jovanović,caslav.jovanovic@example.com
Mr,Oscar,Klocke,oscar.klocke@example.com
Mr,Darwin,Elfring,darwin.elfring@example.com
Mr,Rayan,Rodriguez,rayan.rodriguez@example.com
Mr,Sebastian,Olsen,sebastian.olsen@example.com
Mrs,Norma,Barela,norma.barela@example.com
Mrs,Vilma,Wallo,vilma.wallo@example.com
Mr,نيما,علیزاده,nym.aalyzdh@example.com
Mr,Marco,Luna,marco.luna@example.com
Mr,Rafael,Pérez,rafael.perez@example.com
Mrs,Virginia,Vargas,virginia.vargas@example.com
Miss,Nelli,Heikkila,nelli.heikkila@example.com
Ms,Antoinette,Höhne,antoinette.hohne@example.com
Miss,Romy,Boyer,romy.boyer@example.com
Mr,Steve,Sutton,steve.sutton@example.com
Ms,Kristin,Hayes,kristin.hayes@example.com
Mr,Loïc,Gauthier,loic.gauthier@example.com
Ms,Brooke,Mckinney,brooke.mckinney@example.com
Mrs,Anabel,Arias,anabel.arias@example.com
Miss,Emilie,Johansen,emilie.johansen@example.com
Monsieur,Jamie,Bonnet,jamie.bonnet@example.com
Ms,Jesús,Velasco,jesus.velasco@example.com
Miss,Eva-Marie,Radloff,eva-marie.radloff@example.com
Ms,Layla,Crawford,layla.crawford@example.com
Mr,Gabriel,Sirko,gabriel.sirko@example.com
Mr,Delmano,Rocha,delmano.rocha@example.com
Mr,Logan,Franklin,logan.franklin@example.com